urllink,pos_count,neg_count,Polarity_Score,Subjectivity Score,Polarity_Score,AVG_SENTENCE_LENGTH,PERCENTAGE_COMPLEX_WORD,FOG_INDEX,AVG NUMBER OF WORDS PER SENTENCE,COMPLEX_WORD_COUNT,number of words,SYLLABLE PER WORD,PRONOUN_COUNT
https://insights.blackcoffer.com/how-is-login-logout-time-tracking-for-employees-in-office-done-by-ai/,4,6,-0.2,0.02,-0.2,26.76923076923077,0.25504322766570603,2.7309244070050984,24.79,177,694,0.5087719298245614,12
https://insights.blackcoffer.com/how-is-ai-used-to-solve-traffic-management/,19,25,-0.14,0.05,-0.14,21.7,0.32513451191391235,2.8221675634127594,21.33,423,1301,0.4720812182741117,17
https://insights.blackcoffer.com/how-does-ai-help-to-monitor-retail-shelf-watches/,8,6,0.14,0.04,0.14,22.285714285714285,0.2841091492776886,2.532630130703967,21.48,177,623,0.4928909952606635,18
https://insights.blackcoffer.com/how-do-deep-learning-models-predict-old-and-new-drugs-that-are-successfully-treated-in-healthcare/,5,1,0.67,0.02,0.67,30.285714285714285,0.3113207547169811,3.771428571428571,28.27,132,424,0.48291571753986334,6
https://insights.blackcoffer.com/benefits-of-big-data-in-different-fields/,32,11,0.49,0.06,0.49,20.015873015873016,0.3149920255183413,2.5219361535151013,19.29,395,1254,0.49027993779160184,18
https://insights.blackcoffer.com/how-artificial-intelligence-can-boost-your-productivity-level/,12,10,0.09,0.06,0.09,20.5,0.2716236722306525,2.2273141122913507,20.59,179,659,0.5101088646967341,29
https://insights.blackcoffer.com/ai-and-its-impact-on-the-fashion-industry/,36,20,0.29,0.05,0.29,23.2972972972973,0.3136231884057971,2.922629063846456,22.4,541,1725,0.48156424581005586,46
https://insights.blackcoffer.com/how-are-genetic-sequencing-maps-affected-by-deep-learning-and-ai/,15,12,0.11,0.04,0.11,21.764705882352942,0.35171790235081374,3.0620146792894376,20.87,389,1106,0.4723404255319149,20
https://insights.blackcoffer.com/how-big-data-will-impact-the-future-of-business/,36,11,0.53,0.06,0.53,18.281690140845072,0.29221279876638395,2.1368575368944587,18.01,379,1297,0.48650674662668664,35
https://insights.blackcoffer.com/how-will-ai-make-decisions-in-tomorrows-wars/,8,15,-0.3,0.07,-0.3,15.81081081081081,0.27101200686106347,1.7139678271753747,14.22,158,583,0.5064935064935064,11
https://insights.blackcoffer.com/future-of-work-robot-ai-and-automation/,12,5,0.41,0.06,0.41,24.217391304347824,0.28776978417266186,2.787613387550829,23.17,160,556,0.4885964912280702,9
https://insights.blackcoffer.com/how-ai-will-help-the-defense-power-of-a-country/,15,36,-0.41,0.07,-0.41,15.517241379310345,0.26070901033973415,1.6181938572811085,15.21,353,1354,0.5210343496719413,37
https://insights.blackcoffer.com/future-of-ai-and-machine-roles-in-the-medical-sector/,12,6,0.33,0.04,0.33,26.970588235294116,0.23555070883315157,2.541176470588235,26.2,216,917,0.5371997656707674,28
https://insights.blackcoffer.com/which-one-is-better-ai-or-big-data/,9,2,0.64,0.03,0.64,18.90909090909091,0.2967741935483871,2.244692082111437,17.71,184,620,0.47129909365558914,12
https://insights.blackcoffer.com/ai-in-healthcare-to-improve-patient-outcomes/,23,18,0.12,0.04,0.12,22.960526315789473,0.35111876075731496,3.2247486185342873,22.64,612,1743,0.45945234333859925,20
https://insights.blackcoffer.com/what-if-the-creation-is-taking-over-the-creator/,26,32,-0.1,0.08,-0.1,20.61764705882353,0.23751783166904422,1.9588235294117646,20.03,333,1402,0.5330798479087453,52
https://insights.blackcoffer.com/in-future-or-in-upcoming-years-humans-and-machines-are-going-to-work-together-in-every-field-of-work/,11,4,0.47,0.04,0.47,16.2,0.25274725274725274,1.6378021978021977,15.83,184,728,0.5233309404163675,17
https://insights.blackcoffer.com/how-neural-networks-can-be-applied-in-various-areas-in-the-future/,46,25,0.3,0.09,0.3,24.266666666666666,0.2621492128678987,2.544595026237737,22.14,383,1461,0.5098039215686274,66
https://insights.blackcoffer.com/will-machine-replace-the-human-in-the-future-of-work/,29,17,0.26,0.06,0.26,19.1,0.22570123939986952,1.7243574690150034,18.93,346,1533,0.534452605806226,47
https://insights.blackcoffer.com/deep-learning-impact-on-areas-of-e-learning/,23,32,-0.16,0.05,-0.16,25.16470588235294,0.26101218369259604,2.627317933733943,24.81,557,2134,0.5133189344852411,56
https://insights.blackcoffer.com/how-machine-learning-will-affect-your-business/,13,6,0.37,0.05,0.37,19.97142857142857,0.22922636103151864,1.831191158411789,19.39,160,698,0.541860465116279,33
https://insights.blackcoffer.com/how-machines-ai-automations-and-robo-human-are-effective-in-finance-and-banking/,21,19,0.05,0.06,0.05,20.944444444444443,0.30246913580246915,2.534019204389575,20.62,343,1134,0.4870801033591731,32
https://insights.blackcoffer.com/ai-human-robotics-machine-future-planet-blackcoffer-thinking-jobs-workplace/,16,20,-0.11,0.05,-0.11,16.819444444444443,0.2676056338028169,1.8003912363067291,16.53,323,1207,0.5157580919931857,18
https://insights.blackcoffer.com/how-to-protect-future-data-and-its-privacy-blackcoffer/,18,36,-0.33,0.05,-0.33,19.010309278350515,0.27450980392156865,2.087406508995351,18.36,504,1836,0.5053439298437928,82
https://insights.blackcoffer.com/how-robots-can-help-in-e-learning-platforms/,15,27,-0.29,0.07,-0.29,20.452830188679247,0.2370848708487085,1.9396226415094344,20.07,257,1084,0.5332021642892277,47
https://insights.blackcoffer.com/how-does-big-data-help-in-finance-and-the-growth-of-large-firms/,4,3,0.14,0.03,0.14,15.73076923076923,0.3112745098039216,1.9586349924585218,15.69,127,408,0.4909963985594238,6
https://insights.blackcoffer.com/man-and-machines-together-machines-are-more-diligent-than-humans-blackcoffe/,29,20,0.18,0.08,0.18,22.833333333333332,0.24939073923639318,2.277768751692391,22.38,307,1231,0.5257995735607676,56
https://insights.blackcoffer.com/what-jobs-will-robots-take-from-humans-in-the-future/,26,35,-0.15,0.06,-0.15,19.833333333333332,0.3319327731092437,2.6333333333333333,19.6,553,1666,0.47464387464387464,28
https://insights.blackcoffer.com/will-ai-replace-us-or-work-with-us/,30,25,0.09,0.06,0.09,21.0875,0.25729600952948184,2.1702918403811795,20.73,432,1679,0.5227765726681128,53
https://insights.blackcoffer.com/how-ai-will-change-the-world-blackcoffer/,23,18,0.12,0.05,0.12,26.158730158730158,0.23696969696969697,2.4795305435305437,21.71,391,1650,0.5324717285945073,65
